{"val": {"accuracy": 0.7350791692733765, "fscore": 0.5795717239379883, "auroc": 0.8741315603256226, "auc": 10.5, "roc": [[[0.0, 0.0, 0.0, 0.0, 0.0, 0.0, 0.0006802721181884408, 0.0006802721181884408, 0.0006802721181884408, 0.0006802721181884408, 0.0020408162381500006, 0.006122448947280645, 0.011564625427126884, 0.014285714365541935, 0.022448979318141937, 0.03401360660791397, 0.05170068144798279, 0.08367346972227097, 0.14761905372142792, 0.27551019191741943, 0.5482993125915527, 1.0], [0.0, 0.0, 0.0, 0.0006337135564535856, 0.0012674271129071712, 0.0025348542258143425, 0.005069708451628685, 0.0076045626774430275, 0.013307984918355942, 0.025348542258143425, 0.048795945942401886, 0.11280101537704468, 0.3276299238204956, 1.0], [0.0, 0.0, 0.0, 0.0, 0.0007102272938936949, 0.0035511364694684744, 0.00639204541221261, 0.013494318351149559, 0.024857955053448677, 0.044034089893102646, 0.078125, 0.12215909361839294, 0.1931818127632141, 0.27272728085517883, 0.37571021914482117, 0.5333806872367859, 0.7166193127632141, 1.0], [0.0, 0.002754820976406336, 0.023415977135300636, 0.038567494601011276, 0.057851240038871765, 0.07438016682863235, 0.09641873091459274, 0.11019283533096313, 0.13360881805419922, 0.1639118492603302, 0.20247933268547058, 0.23691460490226746, 0.27685949206352234, 0.3319559097290039, 0.38429751992225647, 0.4586776793003082, 0.5482093691825867, 0.6432507038116455, 0.7382920384407043, 0.8636363744735718, 0.9573002457618713, 1.0], [0.0, 0.0, 0.0, 0.0, 0.0007215007208287716, 0.0021645021624863148, 0.005050505045801401, 0.007936508394777775, 0.01587301678955555, 0.02525252476334572, 0.03246753290295601, 0.04040404036641121, 0.05627705529332161, 0.08080808073282242, 0.10966811329126358, 0.1515151560306549, 0.19696970283985138, 0.26695525646209717, 0.3737373650074005, 0.5634920597076416, 1.0]], [[0.0, 0.01744186133146286, 0.040697675198316574, 0.06395348906517029, 0.0872092992067337, 0.12209302186965942, 0.16860465705394745, 0.19186046719551086, 0.2616279125213623, 0.3372093141078949, 0.38372093439102173, 0.447674423456192, 0.49418604373931885, 0.569767415523529, 0.645348846912384, 0.6976743936538696, 0.7441860437393188, 0.7674418687820435, 0.8372092843055725, 0.9011628031730652, 0.930232584476471, 1.0], [0.0, 0.015625, 0.03125, 0.046875, 0.15625, 0.15625, 0.234375, 0.3125, 0.40625, 0.4375, 0.515625, 0.6875, 0.828125, 1.0], [0.0, 0.004273504484444857, 0.017094017937779427, 0.025641025975346565, 0.06410256773233414, 0.10256410390138626, 0.16239316761493683, 0.2094017118215561, 0.28632479906082153, 0.36752137541770935, 0.45299145579338074, 0.5811966061592102, 0.688034176826477, 0.7692307829856873, 0.8717948794364929, 0.9059829115867615, 0.9743589758872986, 1.0], [0.0, 0.17794759571552277, 0.317685604095459, 0.4486899673938751, 0.528384268283844, 0.5938864350318909, 0.6506550312042236, 0.710698664188385, 0.7543668150901794, 0.7882096171379089, 0.8340611457824707, 0.874454140663147, 0.8995633125305176, 0.9213973879814148, 0.9454148411750793, 0.9617903828620911, 0.9727074503898621, 0.9858078360557556, 0.9912663698196411, 0.9978166222572327, 0.998908281326294, 1.0], [0.0, 0.00390625, 0.0078125, 0.03515625, 0.0703125, 0.12890625, 0.16015625, 0.22265625, 0.2734375, 0.3515625, 0.43359375, 0.5234375, 0.6015625, 0.68359375, 0.7421875, 0.81640625, 0.88671875, 0.91796875, 0.9453125, 0.98828125, 1.0]], [[2.0, 1.0, 0.95, 0.9, 0.85, 0.8, 0.75, 0.7, 0.65, 0.6, 0.55, 0.5, 0.45, 0.4, 0.35, 0.3, 0.25, 0.2, 0.15, 0.1, 0.05, 0.0], [1.75, 0.75, 0.6, 0.5, 0.45, 0.4, 0.35, 0.3, 0.25, 0.2, 0.15, 0.1, 0.05, 0.0], [1.8, 0.8, 0.75, 0.7, 0.65, 0.6, 0.55, 0.5, 0.45, 0.4, 0.35, 0.3, 0.25, 0.2, 0.15, 0.1, 0.05, 0.0], [2.0, 1.0, 0.95, 0.9, 0.85, 0.8, 0.75, 0.7, 0.65, 0.6, 0.55, 0.5, 0.45, 0.4, 0.35, 0.3, 0.25, 0.2, 0.15, 0.1, 0.05, 0.0], [1.95, 0.95, 0.9, 0.85, 0.8, 0.75, 0.7, 0.65, 0.6, 0.55, 0.5, 0.45, 0.4, 0.35, 0.3, 0.25, 0.2, 0.15, 0.1, 0.05, 0.0]]]}, "test": {"accuracy": 0.7330508232116699, "fscore": 0.5469840168952942, "auroc": 0.8710088729858398, "auc": 7.0, "roc": [[[0.0, 0.0, 0.0, 0.0, 0.0, 0.0, 0.0, 0.0, 0.000681198900565505, 0.00136239780113101, 0.004768392536789179, 0.00681198900565505, 0.008855585940182209, 0.015667574480175972, 0.025885557755827904, 0.03814714029431343, 0.06675749272108078, 0.10286103188991547, 0.16825613379478455, 0.30381470918655396, 0.5660762786865234, 1.0], [0.0, 0.0006265664123930037, 0.0006265664123930037, 0.0031328320037573576, 0.007518797181546688, 0.01002506259828806, 0.020676691085100174, 0.04197994992136955, 0.09711779654026031, 0.2994987368583679, 1.0], [0.0, 0.0, 0.0, 0.0, 0.0, 0.002148997038602829, 0.005730659235268831, 0.009312320500612259, 0.017191976308822632, 0.030085960403084755, 0.04584527388215065, 0.0766475647687912, 0.11962750554084778, 0.179799422621727, 0.28080227971076965, 0.3868194818496704, 0.5128939747810364, 0.7256447076797485, 1.0], [0.0, 0.005412719678133726, 0.021650878712534904, 0.04330175742506981, 0.06089309975504875, 0.0798376202583313, 0.10284167528152466, 0.12990528345108032, 0.1623815894126892, 0.17591339349746704, 0.21921515464782715, 0.25033828616142273, 0.30311232805252075, 0.3667117655277252, 0.42219215631484985, 0.4749661684036255, 0.5426251888275146, 0.6332882046699524, 0.7510148882865906, 0.843031108379364, 0.9391068816184998, 1.0], [0.0, 0.0, 0.0, 0.0007097232155501842, 0.0014194464311003685, 0.0014194464311003685, 0.0021291696466505527, 0.002838892862200737, 0.006387508939951658, 0.010645847767591476, 0.019162526354193687, 0.0326472669839859, 0.046132009476423264, 0.06813342869281769, 0.09155429154634476, 0.12349183857440948, 0.18168914318084717, 0.266855925321579, 0.37260469794273376, 0.5585521459579468, 1.0]], [[0.0, 0.021739130839705467, 0.07065217196941376, 0.10869564861059189, 0.14130434393882751, 0.19021739065647125, 0.22282609343528748, 0.2554347813129425, 0.2663043439388275, 0.29347825050354004, 0.34239131212234497, 0.40760868787765503, 0.46739131212234497, 0.54347825050354, 0.60326087474823, 0.6413043737411499, 0.6739130616188049, 0.739130437374115, 0.79347825050354, 0.864130437374115, 0.9347826242446899, 1.0], [0.0, 0.01785714365541935, 0.0892857164144516, 0.1428571492433548, 0.1964285671710968, 0.3035714328289032, 0.4464285671710968, 0.5535714030265808, 0.6785714030265808, 0.8392857313156128, 1.0], [0.0, 0.00390625, 0.0078125, 0.02734375, 0.046875, 0.0703125, 0.09375, 0.1484375, 0.20703125, 0.3125, 0.44140625, 0.5234375, 0.6328125, 0.71875, 0.796875, 0.85546875, 0.92578125, 0.98046875, 1.0], [0.0, 0.19386637210845947, 0.32201534509658813, 0.440306693315506, 0.525739312171936, 0.5903614163398743, 0.6538882851600647, 0.7119386792182922, 0.766703188419342, 0.8028477430343628, 0.8378970623016357, 0.8729463219642639, 0.9090909361839294, 0.9364731907844543, 0.953997790813446, 0.9682365655899048, 0.9791894555091858, 0.989047110080719, 0.9945235252380371, 0.9945235252380371, 1.0, 1.0], [0.0, 0.004115226212888956, 0.008230452425777912, 0.03703703731298447, 0.0658436194062233, 0.10288065671920776, 0.16460905969142914, 0.22633744776248932, 0.2880658507347107, 0.37037035822868347, 0.4485596716403961, 0.5020576119422913, 0.5720164775848389, 0.654321014881134, 0.7119341492652893, 0.7736625671386719, 0.8230452537536621, 0.8724279999732971, 0.9218106865882874, 0.9506173133850098, 1.0]], [[2.0, 1.0, 0.95, 0.9, 0.85, 0.8, 0.75, 0.7, 0.65, 0.6, 0.55, 0.5, 0.45, 0.4, 0.35, 0.3, 0.25, 0.2, 0.15, 0.1, 0.05, 0.0], [1.5, 0.5, 0.4, 0.35, 0.3, 0.25, 0.2, 0.15, 0.1, 0.05, 0.0], [1.85, 0.85, 0.8, 0.75, 0.7, 0.65, 0.6, 0.55, 0.5, 0.45, 0.4, 0.35, 0.3, 0.25, 0.2, 0.15, 0.1, 0.05, 0.0], [2.0, 1.0, 0.95, 0.9, 0.85, 0.8, 0.75, 0.7, 0.65, 0.6, 0.55, 0.5, 0.45, 0.4, 0.35, 0.3, 0.25, 0.2, 0.15, 0.1, 0.05, 0.0], [1.95, 0.95, 0.9, 0.85, 0.8, 0.75, 0.7, 0.65, 0.6, 0.55, 0.5, 0.45, 0.4, 0.35, 0.3, 0.25, 0.2, 0.15, 0.1, 0.05, 0.0]]]}, "_timestamp": 1668291272.671758, "confusion_matrix": {"_type": "plotly-file", "sha256": "b157c02ace2afa204ea882f35878114a8d37cedc98357564c4734a3fa9fd63ca", "size": 15135,